{"mean_": [155281.9098452928, 12.213820882523708, 3.001378943293981, 5.457543061737953, 0.2863968453648152, 0.4679214244242307, 1.2751596671182504, 186143.05230186752, 147665.2530858015, 103530.62177396403, 100.93902409521966, 156250.669630254, 290798.84620485647, 5.862444358428489, 1.0, 0.9452192660817191, 0.7002759332108128, -0.08143975413793182, -0.4695323942624742, 0.000306281245137408, 0.0031787390810909034, 0.10196016914805384, -0.19738363819626892, 11.096492044310796, 8.46719566479582e-05, 1.766185288303841, 0.39696401051160396, 0.1499656178371401, 0.019583413973292045, 0.04918231081865686, 0.09831623766208632, 0.45044271337333075, 0.18010934778401394, 0.20236597638862008, 0.0707252757886588, 0.07118492355331914, 0.07301141861815366, 0.07205583510741242, 0.07045916392490807, 0.07285417069866461, 0.07078575575769305, 0.07026562802399845, 0.07136636346042191, 0.07140265144184246, 0.07155989936133153, 0.07195906715695762, 0.07128169150377395, 0.07108815560286433, 0.10130394813237856, 0.09976775691890846, 0.10029998064640991, 0.09986452486936327, 0.10016692471453455, 0.10127975614476485, 0.09887265337720147, 0.100130636733114, 0.0991145732533385, 0.09919924520998645, 0.05085155796400232, 0.4761225082252758, 0.03806609251016063, 0.366061060576737, 0.030385136442810143, 0.03851364428101413, 0.28323979098122704, 0.28108670408360753, 0.4161021869556803, 0.019571317979485196], "scale_": [326511.16046607064, 4.780665946199543, 2.0036793703018057, 2.804559277374756, 0.4520770867115467, 0.49896990389108126, 0.5273700488549142, 342082.7592578883, 207629.25286042065, 196067.08773833755, 9.905703573303922, 32388.998759715098, 144085.36861633626, 0.34527481047148095, 1.0, 1.7380272413491435, 0.04546875105248507, 0.6543600360689473, 0.5871284699711916, 0.707697460079294, 0.7065083910131724, 0.7750794560249276, 0.5915197886599645, 1.3068965146501383, 0.009201347037683449, 3.6166584399628867, 0.2397376511285666, 0.08607920266971752, 0.13856371772751136, 0.216248493916781, 0.2977417590365476, 0.4975380139672108, 0.38427850658686635, 0.40176359714240684, 0.2563653860278087, 0.25713348714619405, 0.2601552447473467, 0.2585803390330418, 0.2559192648938331, 0.2598969805720445, 0.256466630460193, 0.25559415005519626, 0.25743582817234645, 0.2574962384362045, 0.25775779360610523, 0.2584201226896277, 0.25729479582807585, 0.2569720407667042, 0.3017307710944471, 0.29969009259263013, 0.3003995581369095, 0.29981928147116016, 0.3002224373821704, 0.301698802019714, 0.2984909576372496, 0.3001741033474106, 0.2988157871035251, 0.2989293477724604, 0.21969450838967053, 0.499429539961702, 0.19135585988192141, 0.481726437416617, 0.1716446326751283, 0.19243269858636075, 0.45057187194276144, 0.4495297196750819, 0.49291090165088564, 0.13852177262807813], "var_": [106609537908.90015, 22.854766889151968, 4.01473101897304, 7.8655527403088135, 0.20437369232959934, 0.24897096498907484, 0.2781191684292347, 117020614181.49037, 43109906643.376495, 38442302894.192955, 98.1229632821661, 1049047240.656826, 20760593449.305496, 0.11921469474611708, 0.0, 3.0207386916717143, 0.002067407322272862, 0.428187056804154, 0.34471984025071245, 0.5008356950026839, 0.4991541065720217, 0.6007481631518976, 0.349895660376329, 1.707978500004679, 8.466478730788599e-05, 13.08021827135478, 0.057474141368642304, 0.007409629132254306, 0.019199903870469447, 0.04676341112127606, 0.08865015507417756, 0.24754407534243647, 0.1476699706246323, 0.16141398798880618, 0.06572321115318736, 0.06611763021196193, 0.06768075136955184, 0.06686379173444283, 0.06549467014379991, 0.06754644051046568, 0.06577513253960521, 0.06532836954243819, 0.06627320562678188, 0.06630431280879469, 0.06643908016468755, 0.06678095981092225, 0.06620061196021125, 0.06603462973580469, 0.09104145822524966, 0.08981415159817921, 0.09023989452885048, 0.08989160154188276, 0.09013351190769124, 0.09102216714013059, 0.08909685179120234, 0.09010449232042196, 0.08929087462229923, 0.08935875495966857, 0.048265677016579016, 0.24942986538635725, 0.036617065111149545, 0.23206036050610582, 0.029461879926179723, 0.03703034348522916, 0.2030150117860042, 0.2020769688711577, 0.24296115696628903, 0.019188281492024978], "n_features_in_": 68, "n_samples_seen_": 82672}